Fitch Rating,Market Value %,Portfolio
AAA,23.341452238387927,EUR Portfolio
AA-,21.155154109062156,EUR Portfolio
NR,14.858306142532388,EUR Portfolio
BBB,14.549744819124054,EUR Portfolio
A-,12.601693716823057,EUR Portfolio
AA+,3.0623167536657014,EUR Portfolio
BBB+,2.587830768210283,EUR Portfolio
A,2.395053488578198,EUR Portfolio
A+,2.280033558043008,EUR Portfolio
BBB-,2.12782003830311,EUR Portfolio
