Composite Rating,Market Value %,Portfolio
AAA,23.1794164515385,EUR Portfolio
AA-,20.991982323220775,EUR Portfolio
NR,14.750744436001566,EUR Portfolio
BBB,14.440569346228482,EUR Portfolio
A-,12.511785399188804,EUR Portfolio
AA+,3.1291370238118685,EUR Portfolio
BBB+,2.5822841700988866,EUR Portfolio
A,2.3765802052874125,EUR Portfolio
A+,2.2661201156401525,EUR Portfolio
BBB-,2.1161506279065443,EUR Portfolio
