Rating,Market Value %,Portfolio
A1,2.3910218793297497,EUR Portfolio
A2,2.394802682255414,EUR Portfolio
A3,4.9426634324554435,EUR Portfolio
Aa1,4.9981681167110485,EUR Portfolio
Aa2,15.558605550685261,EUR Portfolio
Aa3,5.573053754813087,EUR Portfolio
Aaa,28.088442076389818,EUR Portfolio
Ba1,0.7135358202870068,EUR Portfolio
Ba2,0.014872289596120946,EUR Portfolio
Baa1,12.433558504030067,EUR Portfolio
Baa2,3.6521708194643905,EUR Portfolio
Baa3,13.929016623473748,EUR Portfolio
NR,5.307604414045601,EUR Portfolio
UNK,0.002484036463247254,EUR Portfolio
