Fitch Rating,Market Value %,Portfolio
AA+,70.21858615288173,USD Portfolio
NR,7.089251879611652,USD Portfolio
BBB,3.6449517615393763,USD Portfolio
A-,3.358905353727907,USD Portfolio
A,2.994783101083755,USD Portfolio
AA-,2.5317360938675098,USD Portfolio
BBB+,2.512745516409031,USD Portfolio
AAA,2.2468960651673484,USD Portfolio
BBB-,2.1700403500326426,USD Portfolio
A+,2.033931415594623,USD Portfolio
